atm_transaction_id,account_id,atm_id,atm_location,atm_address,atm_city,transaction_type,amount,fee,transaction_date,transaction_time,status
ATM00000001,ACC00000088,ATM0002,Mall,3728 Main St,Phoenix,Withdrawal,28.94,0.93,2025-11-15,12:52,Cancelled
ATM00000002,ACC00000228,ATM0003,Downtown,4514 Main St,New York,Balance Inquiry,432.04,0.5,2025-11-02,08:03,Cancelled
ATM00000003,ACC00000224,ATM0004,Branch,6984 Main St,New York,Transfer,141.31,3.33,2025-10-21,12:10,Failed
ATM00000004,ACC00000270,ATM0005,Gas Station,7066 Main St,Houston,Deposit,267.66,0.02,2025-10-29,03:12,Failed
ATM00000005,ACC00000189,ATM0006,Gas Station,7588 Main St,Phoenix,Withdrawal,241.34,1.36,2025-09-28,21:22,Cancelled
ATM00000006,ACC00000124,ATM0007,Downtown,3453 Main St,New York,Deposit,302.4,1.79,2025-10-12,04:36,Failed
ATM00000007,ACC00000136,ATM0008,Gas Station,3660 Main St,Phoenix,Transfer,495.0,3.06,2025-11-09,06:37,Failed
ATM00000008,ACC00000166,ATM0009,Mall,3869 Main St,Chicago,Withdrawal,175.9,3.09,2025-08-29,02:25,Cancelled
ATM00000009,ACC00000095,ATM0010,Mall,5990 Main St,Phoenix,Withdrawal,398.22,1.79,2025-11-14,15:53,Cancelled
ATM00000010,ACC00000259,ATM0011,Branch,9885 Main St,Houston,Transfer,456.07,0.52,2025-09-14,17:29,Completed
ATM00000011,ACC00000222,ATM0012,Downtown,6063 Main St,New York,Withdrawal,20.88,0.7,2025-10-27,11:35,Completed
ATM00000012,ACC00000315,ATM0013,Gas Station,5465 Main St,Los Angeles,Balance Inquiry,260.82,0.18,2025-09-12,13:12,Completed
ATM00000013,ACC00000270,ATM0014,Downtown,619 Main St,Phoenix,Transfer,136.71,2.55,2025-10-03,12:51,Failed
ATM00000014,ACC00000318,ATM0015,Airport,7515 Main St,Los Angeles,Balance Inquiry,44.2,0.11,2025-10-28,16:02,Completed
ATM00000015,ACC00000205,ATM0016,Downtown,9884 Main St,Chicago,Transfer,115.63,0.44,2025-10-31,09:42,Failed
ATM00000016,ACC00000063,ATM0017,Gas Station,2666 Main St,Los Angeles,Balance Inquiry,275.74,0.53,2025-10-17,14:05,Failed
ATM00000017,ACC00000336,ATM0018,Mall,2057 Main St,Chicago,Withdrawal,181.95,2.22,2025-09-19,11:18,Cancelled
ATM00000018,ACC00000391,ATM0019,Gas Station,5912 Main St,Phoenix,Transfer,368.76,0.31,2025-10-02,20:38,Completed
ATM00000019,ACC00000065,ATM0020,Downtown,3684 Main St,Phoenix,Transfer,280.51,2.82,2025-11-15,20:56,Cancelled
ATM00000020,ACC00000053,ATM0021,Gas Station,3938 Main St,Phoenix,Balance Inquiry,366.89,1.75,2025-10-13,04:47,Failed
ATM00000021,ACC00000347,ATM0022,Downtown,2463 Main St,Phoenix,Withdrawal,154.72,1.0,2025-09-18,05:31,Failed
ATM00000022,ACC00000196,ATM0023,Downtown,8767 Main St,New York,Transfer,414.54,1.04,2025-10-28,20:30,Completed
ATM00000023,ACC00000013,ATM0024,Gas Station,920 Main St,New York,Withdrawal,211.88,2.17,2025-11-13,23:14,Cancelled
ATM00000024,ACC00000025,ATM0025,Mall,1737 Main St,New York,Balance Inquiry,453.57,3.2,2025-10-05,07:13,Completed
ATM00000025,ACC00000144,ATM0026,Branch,6562 Main St,Houston,Deposit,29.4,2.52,2025-11-10,12:18,Failed
ATM00000026,ACC00000039,ATM0027,Gas Station,1323 Main St,Chicago,Balance Inquiry,121.64,0.14,2025-09-05,13:55,Failed
ATM00000027,ACC00000129,ATM0028,Branch,4085 Main St,New York,Balance Inquiry,184.82,0.54,2025-09-02,22:12,Cancelled
ATM00000028,ACC00000220,ATM0029,Airport,1817 Main St,Phoenix,Withdrawal,111.42,1.43,2025-10-05,10:17,Completed
ATM00000029,ACC00000261,ATM0030,Mall,4252 Main St,New York,Deposit,229.02,0.57,2025-09-02,13:11,Completed
ATM00000030,ACC00000245,ATM0031,Branch,3457 Main St,Chicago,Balance Inquiry,486.57,1.36,2025-11-03,13:13,Failed
ATM00000031,ACC00000322,ATM0032,Airport,5550 Main St,Los Angeles,Deposit,239.38,1.6,2025-09-17,01:31,Failed
ATM00000032,ACC00000203,ATM0033,Branch,863 Main St,Phoenix,Transfer,496.45,3.07,2025-10-09,22:46,Cancelled
ATM00000033,ACC00000322,ATM0034,Gas Station,2819 Main St,Chicago,Balance Inquiry,156.38,1.18,2025-11-15,14:27,Failed
ATM00000034,ACC00000086,ATM0035,Mall,9742 Main St,Los Angeles,Deposit,250.56,1.94,2025-09-16,17:51,Failed
ATM00000035,ACC00000215,ATM0036,Downtown,205 Main St,New York,Balance Inquiry,319.02,2.93,2025-11-05,15:59,Completed
ATM00000036,ACC00000392,ATM0037,Branch,9881 Main St,New York,Transfer,333.37,3.36,2025-11-12,23:39,Failed
ATM00000037,ACC00000080,ATM0038,Gas Station,5753 Main St,Phoenix,Withdrawal,93.02,2.81,2025-09-18,05:03,Cancelled
ATM00000038,ACC00000338,ATM0039,Branch,4889 Main St,Houston,Withdrawal,467.94,3.37,2025-09-17,16:43,Cancelled
ATM00000039,ACC00000101,ATM0040,Branch,8578 Main St,Chicago,Transfer,276.38,0.13,2025-11-12,11:52,Cancelled
ATM00000040,ACC00000005,ATM0041,Mall,4102 Main St,Phoenix,Deposit,380.47,2.72,2025-09-16,17:43,Completed
ATM00000041,ACC00000335,ATM0042,Gas Station,7147 Main St,Phoenix,Transfer,245.48,2.87,2025-10-16,09:26,Failed
ATM00000042,ACC00000324,ATM0043,Airport,940 Main St,Houston,Transfer,107.38,0.16,2025-09-25,21:32,Completed
ATM00000043,ACC00000391,ATM0044,Airport,9031 Main St,Los Angeles,Transfer,374.17,1.98,2025-11-18,18:49,Cancelled
ATM00000044,ACC00000392,ATM0045,Gas Station,8475 Main St,Phoenix,Balance Inquiry,128.26,1.6,2025-09-27,22:58,Failed
ATM00000045,ACC00000320,ATM0046,Airport,517 Main St,Chicago,Balance Inquiry,413.22,0.13,2025-10-08,17:56,Cancelled
ATM00000046,ACC00000112,ATM0047,Branch,9118 Main St,Chicago,Transfer,39.55,3.32,2025-10-16,04:23,Completed
ATM00000047,ACC00000272,ATM0048,Gas Station,7231 Main St,Phoenix,Withdrawal,406.89,1.23,2025-11-21,15:30,Cancelled
ATM00000048,ACC00000277,ATM0049,Mall,3822 Main St,Phoenix,Balance Inquiry,334.44,2.31,2025-09-07,03:34,Completed
ATM00000049,ACC00000149,ATM0050,Gas Station,8756 Main St,Los Angeles,Balance Inquiry,485.62,2.94,2025-11-02,13:49,Failed
ATM00000050,ACC00000080,ATM0001,Gas Station,7943 Main St,Phoenix,Withdrawal,440.74,3.43,2025-09-27,07:00,Cancelled
ATM00000051,ACC00000343,ATM0002,Branch,7340 Main St,Houston,Withdrawal,43.19,2.6,2025-11-10,07:02,Failed
ATM00000052,ACC00000225,ATM0003,Mall,4521 Main St,New York,Withdrawal,24.47,0.34,2025-09-10,19:24,Completed
ATM00000053,ACC00000040,ATM0004,Airport,9494 Main St,Los Angeles,Deposit,275.1,0.42,2025-10-08,02:16,Completed
ATM00000054,ACC00000324,ATM0005,Mall,3576 Main St,Los Angeles,Balance Inquiry,480.95,3.3,2025-09-03,19:09,Cancelled
ATM00000055,ACC00000354,ATM0006,Mall,251 Main St,Houston,Balance Inquiry,178.76,0.82,2025-10-15,11:10,Failed
ATM00000056,ACC00000231,ATM0007,Gas Station,4391 Main St,New York,Transfer,117.06,3.26,2025-11-10,17:34,Completed
ATM00000057,ACC00000266,ATM0008,Mall,3468 Main St,Los Angeles,Deposit,117.01,2.76,2025-11-10,19:22,Completed
ATM00000058,ACC00000081,ATM0009,Downtown,5501 Main St,Chicago,Transfer,279.89,2.12,2025-11-18,16:28,Failed
ATM00000059,ACC00000399,ATM0010,Branch,8095 Main St,Chicago,Withdrawal,425.38,0.03,2025-10-06,03:17,Completed
ATM00000060,ACC00000163,ATM0011,Branch,4157 Main St,New York,Withdrawal,277.94,0.83,2025-09-03,02:07,Completed
ATM00000061,ACC00000171,ATM0012,Downtown,8602 Main St,Los Angeles,Balance Inquiry,346.75,3.04,2025-10-01,20:05,Cancelled
ATM00000062,ACC00000051,ATM0013,Mall,1385 Main St,Houston,Deposit,192.33,2.8,2025-10-10,15:32,Cancelled
ATM00000063,ACC00000140,ATM0014,Downtown,4720 Main St,Chicago,Transfer,157.45,0.85,2025-10-10,17:58,Failed
ATM00000064,ACC00000271,ATM0015,Mall,8269 Main St,Houston,Transfer,388.82,1.35,2025-10-26,09:56,Failed
ATM00000065,ACC00000256,ATM0016,Branch,9321 Main St,Phoenix,Transfer,132.8,0.29,2025-11-13,18:28,Failed
ATM00000066,ACC00000230,ATM0017,Mall,4183 Main St,New York,Balance Inquiry,418.53,0.7,2025-11-17,15:17,Cancelled
ATM00000067,ACC00000255,ATM0018,Downtown,3581 Main St,New York,Balance Inquiry,491.82,3.0,2025-09-10,13:36,Completed
ATM00000068,ACC00000211,ATM0019,Downtown,9397 Main St,Los Angeles,Deposit,454.09,2.31,2025-09-25,20:38,Cancelled
ATM00000069,ACC00000119,ATM0020,Downtown,7340 Main St,Chicago,Withdrawal,145.45,1.17,2025-11-16,18:40,Failed
ATM00000070,ACC00000157,ATM0021,Downtown,4403 Main St,New York,Transfer,167.82,1.14,2025-11-11,21:52,Cancelled
ATM00000071,ACC00000339,ATM0022,Downtown,5557 Main St,Phoenix,Balance Inquiry,385.13,2.99,2025-11-14,17:23,Failed
ATM00000072,ACC00000391,ATM0023,Downtown,9860 Main St,Houston,Balance Inquiry,411.64,1.41,2025-10-22,14:34,Failed
ATM00000073,ACC00000281,ATM0024,Gas Station,5069 Main St,Chicago,Deposit,313.98,2.65,2025-10-06,05:55,Completed
ATM00000074,ACC00000381,ATM0025,Downtown,8526 Main St,Phoenix,Transfer,448.11,1.94,2025-10-09,23:45,Failed
ATM00000075,ACC00000086,ATM0026,Downtown,8296 Main St,Chicago,Withdrawal,132.35,2.8,2025-08-26,20:48,Cancelled
ATM00000076,ACC00000171,ATM0027,Downtown,307 Main St,Chicago,Transfer,233.55,1.79,2025-08-26,15:14,Completed
ATM00000077,ACC00000268,ATM0028,Mall,6430 Main St,Los Angeles,Transfer,105.96,2.16,2025-10-31,08:05,Failed
ATM00000078,ACC00000046,ATM0029,Airport,4742 Main St,New York,Withdrawal,242.16,2.12,2025-08-29,14:06,Completed
ATM00000079,ACC00000327,ATM0030,Branch,4346 Main St,New York,Deposit,174.06,2.6,2025-10-20,03:33,Cancelled
ATM00000080,ACC00000175,ATM0031,Downtown,8660 Main St,New York,Transfer,149.75,1.68,2025-09-24,06:56,Cancelled
ATM00000081,ACC00000244,ATM0032,Gas Station,6339 Main St,Chicago,Withdrawal,236.25,0.73,2025-09-13,20:22,Cancelled
ATM00000082,ACC00000072,ATM0033,Mall,2459 Main St,Houston,Balance Inquiry,349.21,0.04,2025-10-19,12:21,Failed
ATM00000083,ACC00000047,ATM0034,Branch,3784 Main St,Houston,Transfer,324.59,2.37,2025-10-08,14:48,Cancelled
ATM00000084,ACC00000329,ATM0035,Branch,3020 Main St,Phoenix,Deposit,21.01,0.02,2025-09-16,18:45,Cancelled
ATM00000085,ACC00000400,ATM0036,Downtown,3004 Main St,New York,Deposit,262.64,2.03,2025-10-28,11:20,Cancelled
ATM00000086,ACC00000119,ATM0037,Airport,5556 Main St,Phoenix,Transfer,455.02,3.18,2025-09-21,00:57,Cancelled
ATM00000087,ACC00000071,ATM0038,Airport,1196 Main St,Los Angeles,Balance Inquiry,402.96,2.81,2025-10-15,03:47,Failed
ATM00000088,ACC00000396,ATM0039,Downtown,6331 Main St,Houston,Balance Inquiry,182.23,1.09,2025-10-28,23:01,Failed
ATM00000089,ACC00000141,ATM0040,Downtown,3629 Main St,Phoenix,Withdrawal,351.38,2.41,2025-10-21,22:48,Completed
ATM00000090,ACC00000075,ATM0041,Gas Station,9644 Main St,Houston,Balance Inquiry,121.21,0.9,2025-10-03,04:37,Failed
ATM00000091,ACC00000050,ATM0042,Downtown,7311 Main St,New York,Deposit,314.54,0.15,2025-09-14,06:55,Cancelled
ATM00000092,ACC00000303,ATM0043,Airport,1220 Main St,Houston,Transfer,370.09,2.48,2025-11-07,22:52,Failed
ATM00000093,ACC00000038,ATM0044,Branch,6180 Main St,Houston,Transfer,115.05,1.78,2025-08-31,21:27,Cancelled
ATM00000094,ACC00000366,ATM0045,Downtown,5450 Main St,Houston,Withdrawal,23.94,1.33,2025-11-08,14:43,Failed
ATM00000095,ACC00000215,ATM0046,Airport,7093 Main St,Phoenix,Deposit,119.12,2.72,2025-10-26,23:48,Completed
ATM00000096,ACC00000034,ATM0047,Airport,5115 Main St,Houston,Transfer,490.28,2.93,2025-09-21,23:49,Completed
ATM00000097,ACC00000225,ATM0048,Gas Station,8902 Main St,Phoenix,Withdrawal,398.02,2.33,2025-09-20,09:45,Cancelled
ATM00000098,ACC00000108,ATM0049,Gas Station,4660 Main St,Phoenix,Balance Inquiry,76.47,2.41,2025-10-06,19:52,Cancelled
ATM00000099,ACC00000053,ATM0050,Airport,2252 Main St,Los Angeles,Withdrawal,100.91,1.99,2025-10-19,06:59,Cancelled
ATM00000100,ACC00000085,ATM0001,Gas Station,9399 Main St,New York,Deposit,93.29,0.75,2025-11-10,09:17,Completed
ATM00000101,ACC00000268,ATM0002,Downtown,5740 Main St,New York,Balance Inquiry,477.64,2.07,2025-08-30,23:11,Failed
ATM00000102,ACC00000247,ATM0003,Gas Station,3711 Main St,Chicago,Withdrawal,424.47,2.99,2025-10-02,13:22,Completed
ATM00000103,ACC00000147,ATM0004,Branch,4128 Main St,Phoenix,Deposit,357.08,0.62,2025-11-02,13:26,Cancelled
ATM00000104,ACC00000020,ATM0005,Gas Station,6307 Main St,Houston,Deposit,352.23,1.25,2025-09-03,15:06,Failed
ATM00000105,ACC00000227,ATM0006,Branch,7539 Main St,Chicago,Transfer,484.61,0.59,2025-08-27,01:56,Completed
ATM00000106,ACC00000173,ATM0007,Branch,6313 Main St,New York,Balance Inquiry,151.06,1.34,2025-09-22,17:37,Failed
ATM00000107,ACC00000179,ATM0008,Downtown,919 Main St,Chicago,Transfer,318.79,3.03,2025-10-02,04:23,Failed
ATM00000108,ACC00000271,ATM0009,Gas Station,8071 Main St,Houston,Withdrawal,327.13,2.26,2025-11-05,18:25,Cancelled
ATM00000109,ACC00000314,ATM0010,Gas Station,1357 Main St,Phoenix,Deposit,281.21,0.01,2025-09-27,03:31,Cancelled
ATM00000110,ACC00000204,ATM0011,Gas Station,2620 Main St,New York,Balance Inquiry,209.95,2.95,2025-09-19,17:24,Cancelled
ATM00000111,ACC00000011,ATM0012,Airport,2908 Main St,Houston,Deposit,154.14,3.06,2025-10-19,21:07,Cancelled
ATM00000112,ACC00000042,ATM0013,Airport,6572 Main St,Los Angeles,Withdrawal,344.11,1.56,2025-10-31,12:00,Completed
ATM00000113,ACC00000267,ATM0014,Airport,5990 Main St,Houston,Balance Inquiry,480.53,2.7,2025-09-26,00:46,Cancelled
ATM00000114,ACC00000247,ATM0015,Downtown,1229 Main St,Chicago,Balance Inquiry,24.03,1.43,2025-10-08,17:58,Completed
ATM00000115,ACC00000146,ATM0016,Branch,9362 Main St,Chicago,Transfer,475.24,3.46,2025-10-14,05:24,Cancelled
ATM00000116,ACC00000224,ATM0017,Branch,6590 Main St,Chicago,Withdrawal,177.36,3.29,2025-10-09,14:00,Cancelled
ATM00000117,ACC00000319,ATM0018,Downtown,945 Main St,Houston,Balance Inquiry,186.44,0.27,2025-10-20,21:13,Cancelled
ATM00000118,ACC00000283,ATM0019,Downtown,8709 Main St,New York,Balance Inquiry,359.51,2.75,2025-09-09,10:25,Completed
ATM00000119,ACC00000345,ATM0020,Gas Station,4978 Main St,Chicago,Balance Inquiry,126.44,2.29,2025-11-12,15:53,Cancelled
ATM00000120,ACC00000268,ATM0021,Mall,1558 Main St,Chicago,Withdrawal,332.6,1.41,2025-11-11,15:53,Failed
ATM00000121,ACC00000292,ATM0022,Branch,3179 Main St,New York,Deposit,216.41,0.96,2025-08-27,21:37,Failed
ATM00000122,ACC00000369,ATM0023,Airport,1842 Main St,Phoenix,Transfer,202.19,0.18,2025-09-07,07:09,Failed
ATM00000123,ACC00000355,ATM0024,Airport,7331 Main St,Chicago,Withdrawal,156.29,2.52,2025-11-11,08:21,Failed
ATM00000124,ACC00000226,ATM0025,Gas Station,1148 Main St,Houston,Transfer,347.26,1.22,2025-11-18,17:25,Completed
ATM00000125,ACC00000019,ATM0026,Branch,6330 Main St,Houston,Balance Inquiry,84.49,0.25,2025-11-20,00:42,Completed
ATM00000126,ACC00000049,ATM0027,Gas Station,8784 Main St,Phoenix,Balance Inquiry,241.63,2.69,2025-10-10,14:58,Cancelled
ATM00000127,ACC00000204,ATM0028,Airport,1132 Main St,Phoenix,Withdrawal,274.01,2.89,2025-10-02,07:48,Failed
ATM00000128,ACC00000020,ATM0029,Airport,209 Main St,Phoenix,Transfer,80.09,1.92,2025-09-14,21:45,Failed
ATM00000129,ACC00000026,ATM0030,Mall,4586 Main St,New York,Transfer,187.96,2.67,2025-11-16,13:07,Cancelled
ATM00000130,ACC00000192,ATM0031,Downtown,6300 Main St,Phoenix,Transfer,104.25,1.08,2025-09-03,14:32,Cancelled
ATM00000131,ACC00000047,ATM0032,Mall,8788 Main St,New York,Balance Inquiry,51.13,0.07,2025-08-27,17:11,Failed
ATM00000132,ACC00000386,ATM0033,Mall,2427 Main St,Chicago,Transfer,192.06,3.18,2025-09-30,19:02,Failed
ATM00000133,ACC00000282,ATM0034,Airport,3348 Main St,Phoenix,Balance Inquiry,163.96,2.97,2025-09-17,21:03,Cancelled
ATM00000134,ACC00000368,ATM0035,Mall,8794 Main St,Houston,Deposit,150.86,1.1,2025-09-26,02:29,Cancelled
ATM00000135,ACC00000363,ATM0036,Gas Station,5691 Main St,Houston,Balance Inquiry,371.42,2.99,2025-10-21,12:12,Failed
ATM00000136,ACC00000101,ATM0037,Downtown,6144 Main St,Los Angeles,Withdrawal,415.28,2.25,2025-10-08,16:03,Cancelled
ATM00000137,ACC00000068,ATM0038,Gas Station,9182 Main St,Los Angeles,Balance Inquiry,62.07,1.47,2025-11-02,17:05,Failed
ATM00000138,ACC00000234,ATM0039,Airport,7389 Main St,Phoenix,Transfer,397.75,2.73,2025-10-19,02:52,Completed
ATM00000139,ACC00000026,ATM0040,Downtown,2295 Main St,Phoenix,Deposit,359.81,0.95,2025-09-05,05:03,Cancelled
ATM00000140,ACC00000250,ATM0041,Airport,1191 Main St,New York,Deposit,353.28,2.99,2025-09-16,19:55,Completed
ATM00000141,ACC00000174,ATM0042,Airport,8219 Main St,Houston,Balance Inquiry,482.38,2.14,2025-10-04,11:09,Cancelled
ATM00000142,ACC00000151,ATM0043,Mall,5526 Main St,Chicago,Withdrawal,203.52,2.44,2025-09-06,15:56,Failed
ATM00000143,ACC00000224,ATM0044,Gas Station,7800 Main St,Phoenix,Withdrawal,121.99,2.54,2025-08-26,16:19,Cancelled
ATM00000144,ACC00000059,ATM0045,Gas Station,5425 Main St,New York,Withdrawal,24.58,2.7,2025-08-26,20:36,Cancelled
ATM00000145,ACC00000356,ATM0046,Branch,9875 Main St,Los Angeles,Balance Inquiry,148.52,2.05,2025-09-11,06:11,Completed
ATM00000146,ACC00000308,ATM0047,Gas Station,9558 Main St,Phoenix,Deposit,224.66,1.13,2025-10-13,10:10,Completed
ATM00000147,ACC00000193,ATM0048,Branch,2917 Main St,Houston,Balance Inquiry,474.76,1.57,2025-08-26,14:54,Completed
ATM00000148,ACC00000163,ATM0049,Branch,8875 Main St,Phoenix,Deposit,258.38,0.16,2025-09-17,15:08,Failed
ATM00000149,ACC00000069,ATM0050,Downtown,7735 Main St,Phoenix,Deposit,310.27,0.72,2025-11-14,08:19,Cancelled
ATM00000150,ACC00000231,ATM0001,Gas Station,5207 Main St,Houston,Transfer,308.03,3.22,2025-11-05,10:47,Failed
ATM00000151,ACC00000094,ATM0002,Branch,903 Main St,Chicago,Balance Inquiry,393.2,2.9,2025-09-05,04:22,Cancelled
ATM00000152,ACC00000077,ATM0003,Airport,8749 Main St,New York,Deposit,301.07,2.78,2025-09-12,17:35,Completed
ATM00000153,ACC00000080,ATM0004,Mall,3953 Main St,Chicago,Deposit,139.64,1.08,2025-09-14,09:28,Cancelled
ATM00000154,ACC00000051,ATM0005,Airport,4371 Main St,Chicago,Transfer,251.85,1.74,2025-11-01,13:32,Failed
ATM00000155,ACC00000211,ATM0006,Mall,6079 Main St,New York,Balance Inquiry,350.48,1.82,2025-10-24,00:19,Failed
ATM00000156,ACC00000125,ATM0007,Mall,2558 Main St,Chicago,Transfer,147.31,1.26,2025-11-03,01:14,Cancelled
ATM00000157,ACC00000148,ATM0008,Gas Station,787 Main St,Chicago,Deposit,396.05,0.86,2025-09-01,17:23,Failed
ATM00000158,ACC00000125,ATM0009,Branch,8880 Main St,Los Angeles,Transfer,326.98,1.12,2025-09-01,18:19,Failed
ATM00000159,ACC00000273,ATM0010,Airport,8920 Main St,Chicago,Deposit,62.62,2.11,2025-09-26,22:43,Cancelled
ATM00000160,ACC00000171,ATM0011,Branch,6540 Main St,Houston,Transfer,31.67,0.61,2025-10-18,09:03,Completed
ATM00000161,ACC00000055,ATM0012,Mall,3278 Main St,Los Angeles,Withdrawal,172.44,3.49,2025-09-17,16:00,Completed
ATM00000162,ACC00000245,ATM0013,Airport,1822 Main St,Houston,Transfer,288.14,1.04,2025-10-10,23:03,Failed
ATM00000163,ACC00000206,ATM0014,Gas Station,2363 Main St,Phoenix,Transfer,471.78,3.3,2025-09-24,08:34,Failed
ATM00000164,ACC00000096,ATM0015,Gas Station,8453 Main St,Houston,Transfer,389.15,1.17,2025-11-05,05:44,Cancelled
ATM00000165,ACC00000124,ATM0016,Gas Station,2894 Main St,Chicago,Transfer,379.44,3.3,2025-09-03,20:43,Completed
ATM00000166,ACC00000353,ATM0017,Gas Station,1595 Main St,Houston,Deposit,258.03,1.28,2025-10-10,04:23,Cancelled
ATM00000167,ACC00000289,ATM0018,Airport,9782 Main St,Chicago,Deposit,184.92,1.35,2025-10-25,14:18,Completed
ATM00000168,ACC00000353,ATM0019,Downtown,1814 Main St,Los Angeles,Withdrawal,138.72,1.11,2025-11-09,03:25,Failed
ATM00000169,ACC00000104,ATM0020,Branch,4384 Main St,Phoenix,Transfer,226.88,3.36,2025-09-04,20:10,Completed
ATM00000170,ACC00000090,ATM0021,Downtown,5540 Main St,Chicago,Balance Inquiry,81.95,1.86,2025-09-07,07:41,Failed
ATM00000171,ACC00000350,ATM0022,Branch,5533 Main St,Phoenix,Balance Inquiry,416.34,1.63,2025-11-23,04:41,Failed
ATM00000172,ACC00000336,ATM0023,Gas Station,369 Main St,Houston,Deposit,376.81,0.07,2025-11-05,05:28,Failed
ATM00000173,ACC00000052,ATM0024,Mall,9217 Main St,Phoenix,Balance Inquiry,369.99,2.27,2025-10-09,04:55,Completed
ATM00000174,ACC00000028,ATM0025,Mall,5885 Main St,New York,Balance Inquiry,97.45,1.42,2025-09-29,06:30,Completed
ATM00000175,ACC00000020,ATM0026,Gas Station,9687 Main St,Phoenix,Transfer,150.71,0.31,2025-10-22,18:23,Failed
ATM00000176,ACC00000276,ATM0027,Gas Station,1311 Main St,Phoenix,Withdrawal,79.03,2.73,2025-09-10,02:37,Failed
ATM00000177,ACC00000137,ATM0028,Airport,7116 Main St,Phoenix,Balance Inquiry,75.28,0.25,2025-11-12,14:43,Completed
ATM00000178,ACC00000107,ATM0029,Mall,7036 Main St,Houston,Withdrawal,131.95,0.02,2025-11-20,03:15,Completed
ATM00000179,ACC00000254,ATM0030,Downtown,8656 Main St,Houston,Withdrawal,274.74,0.81,2025-10-28,02:14,Cancelled
ATM00000180,ACC00000136,ATM0031,Branch,2604 Main St,New York,Withdrawal,126.05,0.51,2025-09-18,21:31,Cancelled
ATM00000181,ACC00000058,ATM0032,Branch,1414 Main St,Phoenix,Balance Inquiry,206.78,1.33,2025-09-24,03:17,Cancelled
ATM00000182,ACC00000327,ATM0033,Gas Station,8689 Main St,New York,Balance Inquiry,455.42,2.46,2025-10-31,01:44,Completed
ATM00000183,ACC00000016,ATM0034,Branch,3857 Main St,Chicago,Balance Inquiry,266.8,3.06,2025-11-14,00:27,Completed
ATM00000184,ACC00000044,ATM0035,Airport,8503 Main St,Phoenix,Withdrawal,218.12,2.07,2025-11-19,08:36,Failed
ATM00000185,ACC00000124,ATM0036,Branch,5551 Main St,New York,Deposit,317.87,0.72,2025-11-09,17:26,Completed
ATM00000186,ACC00000310,ATM0037,Downtown,9616 Main St,New York,Transfer,207.19,1.35,2025-10-11,23:41,Completed
ATM00000187,ACC00000286,ATM0038,Mall,6726 Main St,Los Angeles,Balance Inquiry,177.2,1.18,2025-10-29,16:56,Completed
ATM00000188,ACC00000350,ATM0039,Downtown,693 Main St,Chicago,Deposit,292.88,1.78,2025-10-04,10:35,Failed
ATM00000189,ACC00000049,ATM0040,Airport,7855 Main St,Phoenix,Transfer,408.71,1.71,2025-10-22,11:33,Completed
ATM00000190,ACC00000145,ATM0041,Airport,203 Main St,Los Angeles,Deposit,387.99,3.3,2025-10-18,11:38,Cancelled
ATM00000191,ACC00000292,ATM0042,Airport,8049 Main St,Chicago,Transfer,339.29,2.58,2025-11-02,21:06,Failed
ATM00000192,ACC00000357,ATM0043,Branch,8845 Main St,Chicago,Balance Inquiry,178.2,1.56,2025-10-01,00:21,Cancelled
ATM00000193,ACC00000243,ATM0044,Gas Station,1989 Main St,Houston,Transfer,122.41,2.12,2025-11-04,19:24,Failed
ATM00000194,ACC00000018,ATM0045,Gas Station,2171 Main St,New York,Balance Inquiry,494.39,1.29,2025-09-16,20:02,Failed
ATM00000195,ACC00000139,ATM0046,Mall,9881 Main St,Phoenix,Transfer,131.25,3.34,2025-09-17,15:40,Completed
ATM00000196,ACC00000321,ATM0047,Gas Station,7848 Main St,Phoenix,Deposit,111.55,1.22,2025-09-09,13:46,Completed
ATM00000197,ACC00000292,ATM0048,Mall,8390 Main St,Houston,Withdrawal,179.78,2.36,2025-10-12,11:32,Completed
ATM00000198,ACC00000154,ATM0049,Branch,9573 Main St,New York,Deposit,108.27,0.4,2025-09-23,10:13,Cancelled
ATM00000199,ACC00000022,ATM0050,Gas Station,1995 Main St,Chicago,Balance Inquiry,292.93,2.71,2025-09-17,18:58,Completed
ATM00000200,ACC00000383,ATM0001,Downtown,4308 Main St,New York,Withdrawal,483.3,2.99,2025-09-08,14:38,Cancelled
ATM00000201,ACC00000342,ATM0002,Airport,9726 Main St,Los Angeles,Transfer,468.53,1.12,2025-10-16,01:45,Failed
ATM00000202,ACC00000009,ATM0003,Gas Station,3420 Main St,Los Angeles,Transfer,118.51,2.98,2025-11-01,12:02,Cancelled
ATM00000203,ACC00000371,ATM0004,Downtown,8425 Main St,Los Angeles,Transfer,468.27,2.69,2025-09-16,17:23,Failed
ATM00000204,ACC00000396,ATM0005,Mall,6715 Main St,Houston,Balance Inquiry,162.35,1.86,2025-11-06,01:08,Cancelled
ATM00000205,ACC00000337,ATM0006,Branch,3661 Main St,Houston,Balance Inquiry,268.88,0.04,2025-09-02,08:35,Cancelled
ATM00000206,ACC00000307,ATM0007,Downtown,6763 Main St,Phoenix,Balance Inquiry,284.74,2.45,2025-11-15,13:22,Cancelled
ATM00000207,ACC00000060,ATM0008,Downtown,7202 Main St,Los Angeles,Deposit,68.77,1.62,2025-10-26,01:55,Cancelled
ATM00000208,ACC00000365,ATM0009,Gas Station,6687 Main St,Phoenix,Deposit,319.31,1.73,2025-08-27,01:19,Completed
ATM00000209,ACC00000180,ATM0010,Downtown,9408 Main St,Phoenix,Balance Inquiry,103.71,0.19,2025-11-20,13:55,Cancelled
ATM00000210,ACC00000187,ATM0011,Branch,4963 Main St,Chicago,Transfer,166.45,2.24,2025-11-09,09:20,Completed
ATM00000211,ACC00000272,ATM0012,Branch,3677 Main St,Houston,Balance Inquiry,71.48,1.31,2025-09-19,11:51,Failed
ATM00000212,ACC00000123,ATM0013,Mall,5616 Main St,Phoenix,Deposit,26.41,3.16,2025-11-10,07:18,Cancelled
ATM00000213,ACC00000078,ATM0014,Downtown,2932 Main St,Chicago,Transfer,124.7,1.75,2025-10-24,05:32,Completed
ATM00000214,ACC00000094,ATM0015,Gas Station,7756 Main St,Los Angeles,Balance Inquiry,131.4,2.1,2025-11-08,03:28,Completed
ATM00000215,ACC00000391,ATM0016,Branch,1307 Main St,Houston,Balance Inquiry,193.36,1.72,2025-10-11,17:24,Cancelled
ATM00000216,ACC00000091,ATM0017,Gas Station,5468 Main St,Houston,Balance Inquiry,113.57,0.33,2025-11-09,13:17,Failed
ATM00000217,ACC00000275,ATM0018,Gas Station,6643 Main St,New York,Withdrawal,180.5,2.52,2025-11-21,23:31,Failed
ATM00000218,ACC00000363,ATM0019,Airport,3992 Main St,Phoenix,Withdrawal,316.55,1.63,2025-11-17,09:49,Completed
ATM00000219,ACC00000373,ATM0020,Airport,1686 Main St,Chicago,Transfer,22.9,1.42,2025-09-16,02:21,Cancelled
ATM00000220,ACC00000128,ATM0021,Airport,6290 Main St,Phoenix,Deposit,41.85,2.35,2025-11-10,23:46,Failed
ATM00000221,ACC00000381,ATM0022,Downtown,6868 Main St,Chicago,Withdrawal,204.47,1.35,2025-11-13,21:46,Completed
ATM00000222,ACC00000176,ATM0023,Branch,7115 Main St,Los Angeles,Withdrawal,480.44,1.99,2025-09-28,18:10,Cancelled
ATM00000223,ACC00000062,ATM0024,Gas Station,4151 Main St,New York,Transfer,38.02,1.88,2025-10-16,11:51,Completed
ATM00000224,ACC00000177,ATM0025,Downtown,8667 Main St,Houston,Transfer,122.84,1.18,2025-09-16,09:48,Failed
ATM00000225,ACC00000237,ATM0026,Airport,6689 Main St,Houston,Balance Inquiry,428.3,0.76,2025-10-10,16:35,Cancelled
ATM00000226,ACC00000022,ATM0027,Mall,3678 Main St,Los Angeles,Deposit,173.02,1.73,2025-09-07,15:42,Failed
ATM00000227,ACC00000390,ATM0028,Gas Station,9016 Main St,Houston,Transfer,308.43,3.12,2025-10-15,05:11,Completed
ATM00000228,ACC00000083,ATM0029,Mall,4696 Main St,Chicago,Withdrawal,102.25,0.77,2025-09-22,01:45,Completed
ATM00000229,ACC00000138,ATM0030,Downtown,2476 Main St,Chicago,Withdrawal,431.93,1.69,2025-09-16,15:32,Failed
ATM00000230,ACC00000302,ATM0031,Airport,8690 Main St,Houston,Transfer,256.85,2.4,2025-10-22,18:05,Failed
ATM00000231,ACC00000300,ATM0032,Branch,9224 Main St,New York,Withdrawal,194.84,2.27,2025-09-13,17:20,Completed
ATM00000232,ACC00000002,ATM0033,Downtown,1771 Main St,Phoenix,Balance Inquiry,495.4,0.52,2025-09-04,05:27,Failed
ATM00000233,ACC00000010,ATM0034,Mall,1295 Main St,Houston,Balance Inquiry,268.69,0.47,2025-09-06,03:40,Failed
ATM00000234,ACC00000188,ATM0035,Gas Station,5968 Main St,Los Angeles,Withdrawal,155.16,1.37,2025-11-17,19:31,Failed
ATM00000235,ACC00000324,ATM0036,Gas Station,1772 Main St,Houston,Transfer,216.06,3.08,2025-10-15,22:02,Completed
ATM00000236,ACC00000228,ATM0037,Airport,605 Main St,Los Angeles,Deposit,358.12,0.53,2025-09-16,22:23,Failed
ATM00000237,ACC00000079,ATM0038,Gas Station,2668 Main St,Phoenix,Balance Inquiry,333.71,1.7,2025-11-05,03:21,Failed
ATM00000238,ACC00000272,ATM0039,Mall,6189 Main St,New York,Balance Inquiry,273.27,1.92,2025-10-17,19:34,Failed
ATM00000239,ACC00000385,ATM0040,Mall,494 Main St,Phoenix,Balance Inquiry,83.07,0.38,2025-08-27,18:58,Completed
ATM00000240,ACC00000037,ATM0041,Branch,7831 Main St,Houston,Transfer,414.34,1.54,2025-11-13,15:21,Cancelled
ATM00000241,ACC00000122,ATM0042,Downtown,555 Main St,Houston,Withdrawal,325.31,1.74,2025-09-02,19:53,Failed
ATM00000242,ACC00000157,ATM0043,Mall,6142 Main St,New York,Transfer,391.28,0.13,2025-11-16,06:24,Cancelled
ATM00000243,ACC00000368,ATM0044,Gas Station,8059 Main St,Los Angeles,Deposit,410.74,0.27,2025-10-12,17:49,Failed
ATM00000244,ACC00000105,ATM0045,Downtown,1969 Main St,Los Angeles,Withdrawal,137.13,3.45,2025-09-23,09:11,Completed
ATM00000245,ACC00000253,ATM0046,Mall,9664 Main St,Phoenix,Deposit,177.04,1.05,2025-11-09,09:14,Cancelled
ATM00000246,ACC00000269,ATM0047,Mall,412 Main St,New York,Withdrawal,166.4,2.36,2025-09-18,00:28,Failed
ATM00000247,ACC00000138,ATM0048,Gas Station,8296 Main St,New York,Withdrawal,313.51,3.19,2025-09-30,07:28,Cancelled
ATM00000248,ACC00000323,ATM0049,Gas Station,6501 Main St,Los Angeles,Deposit,383.78,0.1,2025-09-06,20:39,Failed
ATM00000249,ACC00000071,ATM0050,Mall,1237 Main St,Chicago,Balance Inquiry,107.28,2.9,2025-09-10,18:37,Cancelled
ATM00000250,ACC00000322,ATM0001,Gas Station,1469 Main St,Chicago,Deposit,483.9,0.03,2025-11-16,08:41,Completed
ATM00000251,ACC00000209,ATM0002,Airport,8653 Main St,Phoenix,Transfer,459.97,2.29,2025-08-27,22:32,Failed
ATM00000252,ACC00000226,ATM0003,Mall,9525 Main St,Chicago,Withdrawal,265.82,1.19,2025-10-06,03:16,Completed
ATM00000253,ACC00000388,ATM0004,Airport,5445 Main St,Chicago,Balance Inquiry,32.0,2.85,2025-10-03,00:01,Failed
ATM00000254,ACC00000109,ATM0005,Airport,5940 Main St,Phoenix,Transfer,422.17,3.43,2025-10-03,19:31,Completed
ATM00000255,ACC00000083,ATM0006,Downtown,220 Main St,Houston,Deposit,197.0,1.58,2025-09-09,14:57,Cancelled
ATM00000256,ACC00000108,ATM0007,Mall,1488 Main St,Los Angeles,Transfer,45.02,2.2,2025-10-17,11:30,Completed
ATM00000257,ACC00000004,ATM0008,Branch,1795 Main St,New York,Withdrawal,478.6,1.15,2025-08-26,04:43,Cancelled
ATM00000258,ACC00000200,ATM0009,Mall,7468 Main St,Los Angeles,Transfer,132.02,3.44,2025-10-29,09:04,Failed
ATM00000259,ACC00000382,ATM0010,Airport,248 Main St,Chicago,Withdrawal,142.27,3.3,2025-10-06,11:28,Cancelled
ATM00000260,ACC00000140,ATM0011,Branch,6529 Main St,Houston,Deposit,394.04,0.36,2025-11-15,04:44,Failed
ATM00000261,ACC00000025,ATM0012,Downtown,3857 Main St,Los Angeles,Transfer,185.27,1.56,2025-10-26,18:54,Failed
ATM00000262,ACC00000274,ATM0013,Mall,932 Main St,Los Angeles,Transfer,447.78,0.63,2025-10-23,11:23,Cancelled
ATM00000263,ACC00000135,ATM0014,Gas Station,3123 Main St,New York,Transfer,242.58,1.15,2025-11-08,19:15,Completed
ATM00000264,ACC00000327,ATM0015,Mall,5081 Main St,Los Angeles,Transfer,197.73,1.97,2025-11-09,10:14,Completed
ATM00000265,ACC00000255,ATM0016,Branch,3434 Main St,Phoenix,Balance Inquiry,229.99,1.81,2025-11-14,08:41,Completed
ATM00000266,ACC00000110,ATM0017,Branch,972 Main St,Chicago,Balance Inquiry,197.61,0.67,2025-10-26,16:16,Completed
ATM00000267,ACC00000363,ATM0018,Branch,6336 Main St,New York,Withdrawal,113.31,2.42,2025-09-04,17:35,Failed
ATM00000268,ACC00000184,ATM0019,Branch,7735 Main St,Chicago,Withdrawal,476.99,2.2,2025-09-26,11:42,Cancelled
ATM00000269,ACC00000320,ATM0020,Gas Station,9970 Main St,New York,Withdrawal,56.95,0.26,2025-11-10,18:21,Completed
ATM00000270,ACC00000186,ATM0021,Airport,8968 Main St,Chicago,Deposit,366.49,0.15,2025-11-04,03:00,Failed
ATM00000271,ACC00000295,ATM0022,Downtown,757 Main St,Phoenix,Transfer,492.05,1.73,2025-09-14,01:35,Failed
ATM00000272,ACC00000153,ATM0023,Mall,6774 Main St,Los Angeles,Balance Inquiry,245.08,2.23,2025-10-24,14:10,Cancelled
ATM00000273,ACC00000283,ATM0024,Airport,1096 Main St,New York,Deposit,381.99,1.47,2025-10-25,17:24,Cancelled
ATM00000274,ACC00000054,ATM0025,Branch,941 Main St,Los Angeles,Deposit,90.35,2.73,2025-08-30,04:44,Completed
ATM00000275,ACC00000243,ATM0026,Gas Station,3092 Main St,Houston,Transfer,470.19,2.95,2025-10-09,22:01,Cancelled
ATM00000276,ACC00000041,ATM0027,Gas Station,3881 Main St,Los Angeles,Balance Inquiry,359.19,0.32,2025-11-13,06:45,Cancelled
ATM00000277,ACC00000280,ATM0028,Airport,881 Main St,Phoenix,Deposit,127.95,3.11,2025-10-27,09:27,Completed
ATM00000278,ACC00000089,ATM0029,Branch,4217 Main St,Los Angeles,Balance Inquiry,25.13,0.12,2025-08-26,03:52,Failed
ATM00000279,ACC00000143,ATM0030,Airport,6035 Main St,Phoenix,Withdrawal,155.14,0.92,2025-09-23,07:35,Completed
ATM00000280,ACC00000393,ATM0031,Airport,3580 Main St,Houston,Transfer,448.16,1.56,2025-11-03,23:46,Cancelled
ATM00000281,ACC00000010,ATM0032,Gas Station,9603 Main St,Chicago,Transfer,29.13,0.48,2025-10-15,20:19,Completed
ATM00000282,ACC00000288,ATM0033,Mall,8259 Main St,Houston,Withdrawal,28.51,0.5,2025-10-11,23:31,Cancelled
ATM00000283,ACC00000310,ATM0034,Gas Station,6877 Main St,Phoenix,Transfer,344.35,1.91,2025-11-08,13:17,Cancelled
ATM00000284,ACC00000026,ATM0035,Airport,5101 Main St,Phoenix,Deposit,376.45,3.22,2025-09-29,12:21,Completed
ATM00000285,ACC00000330,ATM0036,Branch,7838 Main St,Houston,Deposit,43.83,0.58,2025-09-15,14:08,Failed
ATM00000286,ACC00000388,ATM0037,Mall,7553 Main St,Los Angeles,Withdrawal,400.89,1.95,2025-11-01,21:47,Cancelled
ATM00000287,ACC00000055,ATM0038,Airport,1316 Main St,Los Angeles,Deposit,288.1,2.64,2025-09-27,18:10,Failed
ATM00000288,ACC00000146,ATM0039,Branch,2358 Main St,Los Angeles,Deposit,84.96,0.94,2025-10-06,20:52,Completed
ATM00000289,ACC00000317,ATM0040,Branch,3302 Main St,Phoenix,Deposit,202.03,1.98,2025-09-08,15:24,Cancelled
ATM00000290,ACC00000202,ATM0041,Airport,3315 Main St,New York,Deposit,406.52,3.46,2025-10-14,22:39,Cancelled
ATM00000291,ACC00000133,ATM0042,Mall,9753 Main St,Houston,Transfer,351.06,0.9,2025-08-31,09:28,Completed
ATM00000292,ACC00000372,ATM0043,Branch,8246 Main St,Chicago,Transfer,294.7,1.0,2025-09-19,11:40,Failed
ATM00000293,ACC00000157,ATM0044,Gas Station,4195 Main St,New York,Withdrawal,284.13,1.14,2025-11-17,21:24,Cancelled
ATM00000294,ACC00000151,ATM0045,Downtown,3397 Main St,Los Angeles,Balance Inquiry,332.24,2.39,2025-09-30,09:43,Cancelled
ATM00000295,ACC00000025,ATM0046,Gas Station,5878 Main St,Phoenix,Balance Inquiry,477.5,1.12,2025-10-16,19:23,Failed
ATM00000296,ACC00000071,ATM0047,Airport,9297 Main St,New York,Transfer,492.63,2.57,2025-10-13,19:53,Failed
ATM00000297,ACC00000024,ATM0048,Mall,2384 Main St,Houston,Transfer,58.19,1.46,2025-09-26,14:35,Cancelled
ATM00000298,ACC00000037,ATM0049,Gas Station,8243 Main St,Houston,Transfer,369.5,2.38,2025-10-26,03:19,Cancelled
ATM00000299,ACC00000048,ATM0050,Airport,4438 Main St,Houston,Balance Inquiry,445.79,1.49,2025-10-13,21:55,Completed
ATM00000300,ACC00000354,ATM0001,Airport,858 Main St,Houston,Balance Inquiry,50.3,1.58,2025-11-06,00:11,Failed
ATM00000301,ACC00000332,ATM0002,Downtown,547 Main St,Chicago,Deposit,201.28,1.51,2025-09-09,12:15,Cancelled
ATM00000302,ACC00000167,ATM0003,Branch,9948 Main St,New York,Balance Inquiry,329.43,1.32,2025-10-10,13:43,Failed
ATM00000303,ACC00000190,ATM0004,Mall,8649 Main St,New York,Withdrawal,72.34,2.26,2025-09-23,01:50,Failed
ATM00000304,ACC00000273,ATM0005,Airport,1818 Main St,New York,Transfer,221.8,0.84,2025-08-27,18:37,Failed
ATM00000305,ACC00000017,ATM0006,Branch,7772 Main St,Chicago,Deposit,146.76,2.42,2025-10-08,00:30,Cancelled
ATM00000306,ACC00000036,ATM0007,Airport,7406 Main St,Los Angeles,Balance Inquiry,281.05,1.91,2025-11-10,07:08,Cancelled
ATM00000307,ACC00000090,ATM0008,Gas Station,7864 Main St,Chicago,Balance Inquiry,496.45,2.28,2025-09-10,00:01,Failed
ATM00000308,ACC00000203,ATM0009,Branch,5062 Main St,New York,Deposit,330.61,1.05,2025-10-28,01:20,Completed
ATM00000309,ACC00000143,ATM0010,Mall,8948 Main St,Los Angeles,Withdrawal,246.17,0.67,2025-11-18,00:35,Failed
ATM00000310,ACC00000371,ATM0011,Mall,8019 Main St,Phoenix,Transfer,297.1,2.74,2025-10-19,03:48,Failed
ATM00000311,ACC00000243,ATM0012,Mall,2273 Main St,Phoenix,Balance Inquiry,487.14,0.52,2025-10-09,22:53,Cancelled
ATM00000312,ACC00000216,ATM0013,Branch,8899 Main St,Los Angeles,Deposit,380.03,0.74,2025-09-04,15:15,Cancelled
ATM00000313,ACC00000317,ATM0014,Airport,7444 Main St,New York,Transfer,120.99,1.96,2025-10-01,15:21,Cancelled
ATM00000314,ACC00000158,ATM0015,Gas Station,9835 Main St,New York,Withdrawal,360.89,2.07,2025-10-22,18:37,Completed
ATM00000315,ACC00000226,ATM0016,Mall,7428 Main St,Phoenix,Deposit,256.11,0.2,2025-09-20,11:23,Completed
ATM00000316,ACC00000378,ATM0017,Downtown,6334 Main St,Houston,Balance Inquiry,47.1,3.16,2025-10-16,08:34,Failed
ATM00000317,ACC00000206,ATM0018,Branch,1913 Main St,New York,Transfer,407.01,0.31,2025-11-04,07:03,Completed
ATM00000318,ACC00000144,ATM0019,Gas Station,2642 Main St,Phoenix,Withdrawal,121.71,3.04,2025-11-18,04:45,Failed
ATM00000319,ACC00000076,ATM0020,Mall,7966 Main St,Chicago,Deposit,107.06,3.28,2025-10-14,10:18,Cancelled
ATM00000320,ACC00000115,ATM0021,Downtown,5286 Main St,Los Angeles,Deposit,293.22,0.13,2025-11-09,03:31,Cancelled
ATM00000321,ACC00000197,ATM0022,Gas Station,6028 Main St,New York,Balance Inquiry,187.64,0.21,2025-09-14,11:16,Cancelled
ATM00000322,ACC00000334,ATM0023,Downtown,2394 Main St,Chicago,Transfer,227.84,3.13,2025-08-27,01:06,Failed
ATM00000323,ACC00000205,ATM0024,Airport,1988 Main St,Chicago,Deposit,241.63,0.06,2025-11-10,09:13,Cancelled
ATM00000324,ACC00000304,ATM0025,Airport,336 Main St,Chicago,Balance Inquiry,213.69,1.12,2025-10-12,04:05,Completed
ATM00000325,ACC00000027,ATM0026,Downtown,8197 Main St,Phoenix,Deposit,46.35,1.68,2025-10-10,15:30,Cancelled
ATM00000326,ACC00000076,ATM0027,Gas Station,7788 Main St,Chicago,Deposit,125.27,2.8,2025-10-12,13:23,Failed
ATM00000327,ACC00000100,ATM0028,Airport,9733 Main St,Chicago,Transfer,33.78,3.45,2025-09-19,17:44,Failed
ATM00000328,ACC00000176,ATM0029,Airport,9771 Main St,Houston,Deposit,128.67,2.15,2025-09-21,23:11,Failed
ATM00000329,ACC00000301,ATM0030,Branch,908 Main St,Houston,Deposit,393.62,1.61,2025-11-22,17:31,Completed
ATM00000330,ACC00000106,ATM0031,Airport,8857 Main St,New York,Transfer,311.41,2.37,2025-11-16,14:35,Completed
ATM00000331,ACC00000355,ATM0032,Gas Station,8728 Main St,Houston,Balance Inquiry,458.28,1.96,2025-09-05,03:40,Completed
ATM00000332,ACC00000168,ATM0033,Mall,6623 Main St,Houston,Balance Inquiry,458.01,0.49,2025-09-12,14:59,Failed
ATM00000333,ACC00000115,ATM0034,Airport,6722 Main St,Phoenix,Transfer,49.58,0.16,2025-11-03,10:25,Cancelled
ATM00000334,ACC00000334,ATM0035,Gas Station,8720 Main St,Los Angeles,Transfer,351.9,2.62,2025-09-11,19:54,Failed
ATM00000335,ACC00000397,ATM0036,Downtown,4740 Main St,Houston,Transfer,431.97,3.41,2025-10-29,04:29,Failed
ATM00000336,ACC00000173,ATM0037,Mall,366 Main St,Chicago,Balance Inquiry,192.12,0.14,2025-09-15,20:12,Failed
ATM00000337,ACC00000282,ATM0038,Mall,146 Main St,Los Angeles,Transfer,404.35,1.94,2025-09-05,10:20,Failed
ATM00000338,ACC00000160,ATM0039,Mall,8006 Main St,Phoenix,Deposit,275.13,2.09,2025-11-23,18:10,Cancelled
ATM00000339,ACC00000207,ATM0040,Gas Station,9389 Main St,Phoenix,Withdrawal,88.66,0.32,2025-09-15,10:35,Cancelled
ATM00000340,ACC00000171,ATM0041,Airport,3473 Main St,Phoenix,Deposit,424.85,1.29,2025-08-28,17:47,Failed
ATM00000341,ACC00000363,ATM0042,Mall,392 Main St,Phoenix,Balance Inquiry,336.91,0.46,2025-10-04,06:03,Cancelled
ATM00000342,ACC00000003,ATM0043,Downtown,680 Main St,New York,Deposit,351.47,3.43,2025-11-20,14:17,Completed
ATM00000343,ACC00000090,ATM0044,Branch,885 Main St,New York,Withdrawal,45.52,0.26,2025-09-17,01:28,Cancelled
ATM00000344,ACC00000321,ATM0045,Airport,9837 Main St,Phoenix,Balance Inquiry,407.7,2.55,2025-09-27,08:24,Completed
ATM00000345,ACC00000091,ATM0046,Branch,6436 Main St,Chicago,Withdrawal,259.24,0.85,2025-09-15,12:14,Cancelled
ATM00000346,ACC00000045,ATM0047,Gas Station,6658 Main St,Los Angeles,Balance Inquiry,180.9,1.27,2025-10-16,15:00,Failed
ATM00000347,ACC00000018,ATM0048,Branch,8295 Main St,New York,Balance Inquiry,169.19,1.55,2025-11-02,18:59,Cancelled
ATM00000348,ACC00000317,ATM0049,Gas Station,8076 Main St,Phoenix,Withdrawal,72.48,1.72,2025-09-30,04:05,Failed
ATM00000349,ACC00000257,ATM0050,Gas Station,7785 Main St,Los Angeles,Withdrawal,152.52,2.35,2025-08-31,07:47,Completed
ATM00000350,ACC00000056,ATM0001,Mall,2307 Main St,Los Angeles,Balance Inquiry,101.25,2.49,2025-10-29,05:09,Completed
ATM00000351,ACC00000284,ATM0002,Downtown,3134 Main St,Houston,Balance Inquiry,311.08,0.84,2025-11-13,19:03,Completed
ATM00000352,ACC00000378,ATM0003,Downtown,1622 Main St,Los Angeles,Balance Inquiry,381.25,2.73,2025-09-21,04:54,Completed
ATM00000353,ACC00000134,ATM0004,Mall,6540 Main St,Houston,Transfer,322.89,2.45,2025-09-11,20:23,Completed
ATM00000354,ACC00000392,ATM0005,Branch,9107 Main St,Phoenix,Withdrawal,275.36,2.92,2025-10-03,16:05,Failed
ATM00000355,ACC00000135,ATM0006,Airport,3989 Main St,Phoenix,Deposit,299.5,2.07,2025-09-07,16:35,Completed
ATM00000356,ACC00000358,ATM0007,Mall,9568 Main St,New York,Withdrawal,252.19,2.89,2025-09-01,00:07,Failed
ATM00000357,ACC00000310,ATM0008,Downtown,9512 Main St,Houston,Transfer,24.14,1.58,2025-10-20,07:40,Cancelled
ATM00000358,ACC00000133,ATM0009,Branch,8404 Main St,Los Angeles,Withdrawal,413.6,3.25,2025-08-29,23:13,Cancelled
ATM00000359,ACC00000290,ATM0010,Downtown,4747 Main St,Chicago,Balance Inquiry,24.63,1.44,2025-10-15,20:59,Cancelled
ATM00000360,ACC00000343,ATM0011,Airport,368 Main St,Los Angeles,Balance Inquiry,148.86,1.07,2025-11-04,16:47,Failed
ATM00000361,ACC00000298,ATM0012,Mall,2462 Main St,Chicago,Deposit,469.39,2.37,2025-10-31,09:08,Cancelled
ATM00000362,ACC00000027,ATM0013,Gas Station,287 Main St,Chicago,Deposit,338.38,1.22,2025-10-17,07:11,Cancelled
ATM00000363,ACC00000308,ATM0014,Gas Station,1575 Main St,Los Angeles,Transfer,434.81,0.13,2025-09-21,04:09,Failed
ATM00000364,ACC00000129,ATM0015,Downtown,4681 Main St,Houston,Deposit,110.29,3.46,2025-09-18,17:54,Cancelled
ATM00000365,ACC00000379,ATM0016,Mall,5355 Main St,Phoenix,Deposit,32.06,0.03,2025-09-06,21:37,Cancelled
ATM00000366,ACC00000250,ATM0017,Mall,8773 Main St,Chicago,Deposit,474.88,1.71,2025-11-02,08:50,Cancelled
ATM00000367,ACC00000080,ATM0018,Mall,9358 Main St,Phoenix,Transfer,220.48,3.43,2025-11-18,22:25,Cancelled
ATM00000368,ACC00000218,ATM0019,Mall,7248 Main St,Phoenix,Withdrawal,74.58,2.77,2025-10-17,08:42,Completed
ATM00000369,ACC00000369,ATM0020,Airport,7517 Main St,New York,Withdrawal,389.57,2.27,2025-11-15,10:55,Failed
ATM00000370,ACC00000034,ATM0021,Downtown,5799 Main St,New York,Transfer,254.04,1.15,2025-09-19,12:05,Cancelled
ATM00000371,ACC00000079,ATM0022,Airport,6203 Main St,Phoenix,Transfer,201.77,0.56,2025-09-06,01:56,Cancelled
ATM00000372,ACC00000044,ATM0023,Downtown,7166 Main St,Los Angeles,Deposit,132.01,2.7,2025-11-03,11:12,Failed
ATM00000373,ACC00000269,ATM0024,Branch,3581 Main St,New York,Transfer,49.19,2.2,2025-10-28,21:56,Cancelled
ATM00000374,ACC00000064,ATM0025,Branch,9231 Main St,Phoenix,Transfer,273.07,3.11,2025-10-23,21:45,Completed
ATM00000375,ACC00000119,ATM0026,Downtown,7047 Main St,Chicago,Balance Inquiry,276.32,0.89,2025-09-11,02:52,Failed
ATM00000376,ACC00000019,ATM0027,Mall,9092 Main St,New York,Deposit,443.36,0.19,2025-11-11,23:18,Failed
ATM00000377,ACC00000021,ATM0028,Downtown,695 Main St,Phoenix,Balance Inquiry,266.74,0.59,2025-10-17,02:49,Completed
ATM00000378,ACC00000322,ATM0029,Downtown,4070 Main St,Phoenix,Transfer,365.07,0.04,2025-10-27,02:51,Completed
ATM00000379,ACC00000190,ATM0030,Downtown,9548 Main St,Houston,Withdrawal,394.21,2.57,2025-09-30,18:44,Completed
ATM00000380,ACC00000005,ATM0031,Branch,6378 Main St,Chicago,Deposit,408.55,3.11,2025-11-05,12:53,Completed
ATM00000381,ACC00000054,ATM0032,Mall,3143 Main St,Chicago,Deposit,451.08,0.5,2025-11-04,08:45,Failed
ATM00000382,ACC00000096,ATM0033,Gas Station,5595 Main St,New York,Balance Inquiry,135.36,1.04,2025-11-18,05:19,Completed
ATM00000383,ACC00000308,ATM0034,Branch,5232 Main St,Los Angeles,Transfer,32.5,1.39,2025-10-07,22:17,Cancelled
ATM00000384,ACC00000111,ATM0035,Downtown,1728 Main St,Los Angeles,Withdrawal,318.87,3.23,2025-09-28,15:18,Completed
ATM00000385,ACC00000394,ATM0036,Downtown,4427 Main St,Los Angeles,Deposit,263.81,0.46,2025-11-19,09:50,Completed
ATM00000386,ACC00000120,ATM0037,Downtown,194 Main St,Houston,Deposit,131.26,3.3,2025-11-20,08:57,Failed
ATM00000387,ACC00000278,ATM0038,Airport,7794 Main St,Houston,Deposit,167.38,1.21,2025-08-26,06:46,Cancelled
ATM00000388,ACC00000146,ATM0039,Branch,5283 Main St,Los Angeles,Transfer,250.78,2.28,2025-10-15,19:38,Cancelled
ATM00000389,ACC00000265,ATM0040,Airport,5643 Main St,New York,Withdrawal,235.98,3.24,2025-09-25,13:25,Completed
ATM00000390,ACC00000220,ATM0041,Airport,6145 Main St,Phoenix,Deposit,394.68,1.72,2025-10-18,10:28,Failed
ATM00000391,ACC00000136,ATM0042,Downtown,5830 Main St,Los Angeles,Transfer,458.59,3.16,2025-09-17,13:02,Failed
ATM00000392,ACC00000262,ATM0043,Gas Station,9528 Main St,Chicago,Withdrawal,325.7,1.96,2025-11-12,09:49,Cancelled
ATM00000393,ACC00000218,ATM0044,Gas Station,7632 Main St,Los Angeles,Transfer,280.63,3.39,2025-08-26,19:18,Failed
ATM00000394,ACC00000196,ATM0045,Downtown,8558 Main St,Phoenix,Withdrawal,377.69,0.82,2025-09-05,23:12,Cancelled
ATM00000395,ACC00000048,ATM0046,Branch,7818 Main St,Chicago,Balance Inquiry,354.76,2.24,2025-08-31,03:59,Completed
ATM00000396,ACC00000314,ATM0047,Airport,8773 Main St,Phoenix,Deposit,316.74,1.32,2025-09-26,19:59,Failed
ATM00000397,ACC00000117,ATM0048,Branch,8050 Main St,Phoenix,Withdrawal,467.63,2.05,2025-10-02,05:11,Completed
ATM00000398,ACC00000049,ATM0049,Mall,2226 Main St,New York,Withdrawal,497.56,2.95,2025-11-01,10:15,Failed
ATM00000399,ACC00000006,ATM0050,Mall,4376 Main St,Chicago,Balance Inquiry,20.21,1.6,2025-11-07,02:54,Completed
ATM00000400,ACC00000377,ATM0001,Downtown,2975 Main St,Chicago,Transfer,448.32,1.39,2025-09-27,18:49,Cancelled
